,,,,,,
6369021184,,,,,,
6369330595,,,,,,
6369959397,,,,,,
6374079292,,,,,,
6374333433,,,,,,
6374691990,,,,,,
6379429048,,,,,,
6379470779,,,,,,
6381019921,,,,,,
6381029490,,,,,,
6381132855,,,,,,
6381887116,,,,,,
6381998081,,,,,,
6382153878,,,,,,
6382580602,,,,,,
6382764801,,,,,,
6383096217,,,,,,
6383788513,,,,,,
6383917169,,,,,,
7010049265,,,,,,
7010326906,,,,,,
7010445374,,,,,,
7010538688,,,,,,
7010604810,,,,,,
7010825733,,,,,,
7092630644,,,,,,
7092655257,,,,,,
7092722003,,,,,,
7200594588,,,,,,
7200779284,,,,,,
7305169046,,,,,,
7305702435,,,,,,
7305988182,,,,,,
7338981885,,,,,,
7358121261,,,,,,
7358281377,,,,,,
7358545506,,,,,,
7448358469,,,,,,
7558159822,,,,,,
7708758946,,,,,,
7806866116,,,,,,
7806993610,,,,,,
7812898784,,,,,,
7867003137,,,,,,
7868884688,,,,,,
7904036377,,,,,,
7904403394,,,,,,
7904745121,,,,,,
7904799298,,,,,,
7993109766,,,,,,
8072379779,,,,,,
8072469194,,,,,,
8072682230,,,,,,
8072738476,,,,,,
8072798795,,,,,,
8072994231,,,,,,
8122166574,,,,,,
8122662405,,,,,,
8148108373,,,,,,
8148243277,,,,,,
8148545898,,,,,,
8148637745,,,,,,
8190049901,,,,,,
8248381521,,,,,,
8248616276,,,,,,
8248801467,,,,,,
8344502792,,,,,,
8451893921,,,,,,
8525037202,,,,,,
8637436245,,,,,,
8667245804,,,,,,
8667811326,,,,,,
8681023380,,,,,,
8695667478,,,,,,
8754425432,,,,,,
8754603174,,,,,,
8778949487,,,,,,
8807221219,,,,,,
8807675214,,,,,,
8838331680,,,,,,
8903151965,,,,,,
8925096710,,,,,,
8925311943,,,,,,
8939585080,,,,,,
9003094976,,,,,,
9025780459,,,,,,
9080219430,,,,,,
9080757009,,,,,,
9094424247,,,,,,
9094562829,,,,,,
9150043473,,,,,,
9150458561,,,,,,
9150520717,,,,,,
9150922202,,,,,,
9176052237,,,,,,
9176135332,,,,,,
9176189184,,,,,,
9176506504,,,,,,
9342034442,,,,,,
9344193680,,,,,,
9360137831,,,,,,
9360334080,,,,,,
9361587736,,,,,,
9384377667,,,,,,
9384664257,,,,,,
9442949764,,,,,,
9444325877,,,,,,
9486343033,,,,,,
9499962410,,,,,,
9500054097,,,,,,
9500144487,,,,,,
9500501819,,,,,,
9514742614,,,,,,
9566196732,,,,,,
9566760150,,,,,,
9585577524,,,,,,
9597345736,,,,,,
9600046031,,,,,,
9600063232,,,,,,
9655110401,,,,,,
9787844465,,,,,,
9788760623,,,,,,
9790659806,,,,,,
9791258593,,,,,,
9791286886,,,,,,
9840498992,,,,,,
9841024471,,,,,,
9841103928,,,,,,
9841965189,,,,,,
9842358423,,,,,,
9843508164,,,,,,
9843952201,,,,,,
9884105839,,,,,,
9884216976,,,,,,
9884624057,,,,,,
9884624057,,,,,,
9940580741,,,,,,
9944370355,,,,,,
9944574082,,,,,,
9944816755,,,,,,
9962526764,,,,,,
9962987298,,,,,,
9965026686,,,,,,
93458992644,,,,,,
Phone number,,,,,,
